0.19414,-0.033867,0.0095,-0.001851,0.001581,-0.000362,0.000774,-0.000281,-0.006954,-0.000248
0.19611,-0.034209,0.009596,-0.00187,0.001597,-0.000366,0.000782,-0.000284,-0.007024,-0.000251
0.19809,-0.034555,0.009693,-0.001889,0.001613,-0.00037,0.00079,-0.000287,-0.007095,-0.000253
0.20009,-0.034904,0.009791,-0.001908,0.001629,-0.000373,0.000798,-0.00029,-0.007167,-0.000256
0.20211,-0.035257,0.00989,-0.001927,0.001646,-0.000377,0.000806,-0.000293,-0.007239,-0.000259
0.20415,-0.035613,0.009989,-0.001947,0.001662,-0.000381,0.000814,-0.000296,-0.007312,-0.000261
0.20621,-0.035972,0.01009,-0.001966,0.001679,-0.000385,0.000822,-0.000299,-0.007386,-0.000264
0.20829,-0.036336,0.010192,-0.001986,0.001696,-0.000389,0.000831,-0.000302,-0.007461,-0.000266
0.2104,-0.036703,0.010295,-0.002006,0.001713,-0.000393,0.000839,-0.000305,-0.007536,-0.000269
0.21252,-0.037073,0.010399,-0.002026,0.001731,-0.000397,0.000847,-0.000308,-0.007612,-0.000272
0.21467,-0.037448,0.010504,-0.002047,0.001748,-0.000401,0.000856,-0.000311,-0.007689,-0.000275
0.21684,-0.037826,0.01061,-0.002068,0.001766,-0.000405,0.000865,-0.000314,-0.007767,-0.000277
0.21903,-0.038208,0.010717,-0.002088,0.001784,-0.000409,0.000873,-0.000318,-0.007845,-0.00028
0.22124,-0.038592,0.010825,-0.002109,0.001802,-0.000413,0.000882,-0.000321,-0.007924,-0.000283
0.22346,-0.038975,0.010933,-0.00213,0.00182,-0.000417,0.000891,-0.000324,-0.008005,-0.000286
0.22569,-0.039352,0.01104,-0.00215,0.001838,-0.00042,0.0009,-0.000326,-0.008086,-0.000288
0.22792,-0.039718,0.011145,-0.002168,0.001856,-0.000423,0.000909,-0.000328,-0.008168,-0.000291
0.23012,-0.040061,0.011245,-0.002185,0.001873,-0.000425,0.000918,-0.000329,-0.00825,-0.000293
0.23229,-0.040367,0.011336,-0.002197,0.00189,-0.000426,0.000927,-0.000329,-0.008334,-0.000296
0.23438,-0.04062,0.011415,-0.002204,0.001905,-0.000424,0.000936,-0.000328,-0.008418,-0.000298
0.23637,-0.040797,0.011477,-0.002204,0.001918,-0.00042,0.000945,-0.000325,-0.008502,-0.000299
0.2382,-0.040872,0.011513,-0.002194,0.001929,-0.000413,0.000954,-0.00032,-0.008585,-0.0003
0.23984,-0.040814,0.011517,-0.002172,0.001935,-0.000401,0.000963,-0.000312,-0.008667,-0.000301
0.24122,-0.040592,0.011481,-0.002133,0.001937,-0.000384,0.000971,-0.000302,-0.008748,-0.000301
0.2423,-0.04017,0.011396,-0.002076,0.001932,-0.000362,0.000979,-0.000288,-0.008825,-0.000301
0.24301,-0.039515,0.011253,-0.001998,0.00192,-0.000332,0.000986,-0.000272,-0.008899,-0.0003
0.2433,-0.038591,0.011043,-0.001894,0.001899,-0.000295,0.000992,-0.000251,-0.008968,-0.000299
0.24312,-0.037368,0.010759,-0.001762,0.001869,-0.000248,0.000997,-0.000227,-0.009032,-0.000297
0.24241,-0.035816,0.010394,-0.001601,0.001828,-0.000193,0.001002,-0.000199,-0.009089,-0.000295
0.24114,-0.033911,0.009941,-0.001407,0.001776,-0.000127,0.001005,-0.000166,-0.00914,-0.000292
0.23927,-0.031634,0.009397,-0.001179,0.001712,-0.000052,0.001007,-0.00013,-0.009182,-0.000289
0.23677,-0.02897,0.008759,-0.000916,0.001636,0.000034,0.001008,-0.000089,-0.009217,-0.000286
0.23364,-0.025911,0.008025,-0.000619,0.001547,0.000131,0.001008,-0.000043,-0.009242,-0.000282
0.22985,-0.022454,0.007196,-0.000286,0.001446,0.000239,0.001007,0.000006,-0.009259,-0.000277
0.22541,-0.018601,0.006274,0.000081,0.001332,0.000356,0.001004,0.00006,-0.009267,-0.000272
0.22033,-0.01436,0.005261,0.00048,0.001208,0.000484,0.001,0.000117,-0.009265,-0.000267
0.21462,-0.009745,0.004164,0.000911,0.001072,0.000621,0.000995,0.000179,-0.009255,-0.000262
0.2083,-0.004772,0.002989,0.001371,0.000926,0.000767,0.000989,0.000244,-0.009235,-0.000256
0.20141,0.000537,0.001742,0.001857,0.000772,0.000921,0.000983,0.000313,-0.009207,-0.000249
0.19397,0.006156,0.000433,0.002365,0.000609,0.001081,0.000975,0.000384,-0.009171,-0.000243
0.18602,0.012057,-0.000927,0.002893,0.000441,0.001248,0.000966,0.000459,-0.009126,-0.000236
0.17761,0.018209,-0.002329,0.003436,0.000268,0.001419,0.000957,0.000536,-0.009074,-0.000228
0.16878,0.024577,-0.00376,0.00399,0.000091,0.001594,0.000948,0.000615,-0.009016,-0.000221
0.15959,0.031124,-0.005207,0.00455,-0.000086,0.001772,0.000938,0.000696,-0.008951,-0.000213
0.15007,0.037812,-0.006657,0.005111,-0.000264,0.00195,0.000928,0.000779,-0.00888,-0.000205
0.14029,0.044601,-0.008095,0.005669,-0.000438,0.002128,0.000918,0.000863,-0.008803,-0.000196
0.1303,0.051449,-0.009506,0.006216,-0.000609,0.002303,0.000909,0.000947,-0.008722,-0.000188
0.12015,0.058314,-0.010874,0.006748,-0.000773,0.002476,0.000899,0.001031,-0.008636,-0.000179
0.1099,0.065152,-0.012182,0.007258,-0.000928,0.002643,0.00089,0.001115,-0.008547,-0.00017
0.099596,0.071919,-0.013414,0.007741,-0.001073,0.002803,0.000882,0.001198,-0.008453,-0.000161
0.089299,0.078572,-0.014552,0.008189,-0.001205,0.002955,0.000875,0.001279,-0.008357,-0.000152
0.079062,0.085066,-0.01558,0.008596,-0.001321,0.003098,0.000869,0.001359,-0.008257,-0.000143
0.068935,0.091358,-0.016479,0.008957,-0.001421,0.003228,0.000864,0.001435,-0.008155,-0.000134
0.058971,0.097405,-0.017232,0.009263,-0.001501,0.003346,0.000861,0.001509,-0.008051,-0.000125
0.049219,0.10316,-0.017823,0.009511,-0.00156,0.003448,0.000859,0.001579,-0.007945,-0.000116
0.039726,0.1086,-0.018236,0.009692,-0.001596,0.003535,0.000859,0.001644,-0.007837,-0.000108
0.03054,0.11366,-0.018455,0.009803,-0.001607,0.003604,0.00086,0.001705,-0.007727,-0.000099
0.021704,0.11833,-0.018465,0.009837,-0.001591,0.003654,0.000864,0.00176,-0.007616,-0.000091
0.013261,0.12255,-0.018252,0.009789,-0.001546,0.003683,0.00087,0.00181,-0.007504,-0.000084
0.005249,0.1263,-0.017803,0.009656,-0.001472,0.003692,0.000877,0.001853,-0.00739,-0.000076
-0.002295,0.12955,-0.017107,0.009432,-0.001368,0.003678,0.000887,0.00189,-0.007276,-0.00007
-0.009336,0.13227,-0.016154,0.009115,-0.001231,0.003641,0.0009,0.001919,-0.007162,-0.000063
-0.015845,0.13443,-0.014936,0.008703,-0.001061,0.003579,0.000914,0.001942,-0.007046,-0.000058
-0.021796,0.13602,-0.013445,0.008192,-0.000859,0.003494,0.000931,0.001956,-0.006931,-0.000052
-0.027166,0.13701,-0.011676,0.007582,-0.000622,0.003383,0.000951,0.001963,-0.006815,-0.000048
-0.031937,0.13741,-0.009629,0.006873,-0.000353,0.003247,0.000972,0.001962,-0.0067,-0.000044
-0.036097,0.13719,-0.007301,0.006065,-0.00005,0.003087,0.000997,0.001953,-0.006584,-0.000041
-0.039639,0.13635,-0.004697,0.005161,0.000285,0.002902,0.001023,0.001935,-0.006469,-0.000038
-0.04256,0.13491,-0.001822,0.004165,0.000651,0.002692,0.001052,0.00191,-0.006354,-0.000036
-0.044868,0.13287,0.001315,0.003079,0.001047,0.00246,0.001082,0.001876,-0.006239,-0.000035
-0.046571,0.13024,0.004702,0.001912,0.00147,0.002206,0.001115,0.001835,-0.006126,-0.000035
-0.047688,0.12705,0.008323,0.000669,0.001917,0.001931,0.001149,0.001787,-0.006013,-0.000035
-0.048242,0.12334,0.012161,-0.000641,0.002387,0.001639,0.001184,0.001732,-0.005901,-0.000036
-0.048261,0.11912,0.016193,-0.002007,0.002875,0.001329,0.001221,0.001671,-0.005791,-0.000037
-0.04778,0.11444,0.020397,-0.003419,0.003378,0.001006,0.001258,0.001605,-0.005682,-0.000039
-0.046835,0.10935,0.024746,-0.004865,0.003891,0.000672,0.001296,0.001533,-0.005574,-0.000042
-0.045467,0.10389,0.029211,-0.006332,0.00441,0.000329,0.001334,0.001458,-0.005469,-0.000044
-0.043721,0.098104,0.033765,-0.007807,0.004931,-0.00002,0.001372,0.001379,-0.005365,-0.000048
-0.041641,0.092049,0.038377,-0.009276,0.005448,-0.000371,0.001409,0.001297,-0.005263,-0.000052
-0.039272,0.085774,0.043016,-0.010724,0.005957,-0.000722,0.001444,0.001214,-0.005164,-0.000056
-0.036661,0.079332,0.04765,-0.012138,0.006452,-0.001068,0.001478,0.00113,-0.005067,-0.00006
-0.033852,0.072771,0.052249,-0.013502,0.006928,-0.001408,0.00151,0.001046,-0.004972,-0.000064
-0.03089,0.066144,0.056783,-0.014802,0.00738,-0.001737,0.001539,0.000962,-0.004881,-0.000069
-0.027817,0.059497,0.06122,-0.016024,0.007803,-0.002051,0.001565,0.000881,-0.004792,-0.000074
-0.024673,0.052876,0.065532,-0.017152,0.008189,-0.002349,0.001587,0.000801,-0.004706,-0.000079
-0.021495,0.046325,0.06969,-0.018174,0.008536,-0.002626,0.001605,0.000725,-0.004624,-0.000084
-0.018318,0.039885,0.073668,-0.019074,0.008836,-0.002879,0.001617,0.000653,-0.004545,-0.00009
-0.015173,0.033592,0.077439,-0.01984,0.009084,-0.003105,0.001625,0.000585,-0.00447,-0.000095
-0.012088,0.027481,0.08098,-0.020459,0.009276,-0.003301,0.001626,0.000522,-0.004398,-0.0001
-0.009087,0.021582,0.084267,-0.02092,0.009406,-0.003463,0.00162,0.000465,-0.004331,-0.000106
-0.006192,0.015923,0.087282,-0.02121,0.00947,-0.00359,0.001607,0.000414,-0.004267,-0.000112
-0.00342,0.010526,0.090004,-0.021319,0.009463,-0.003679,0.001586,0.00037,-0.004207,-0.000117
-0.000787,0.005413,0.092418,-0.021238,0.009381,-0.003727,0.001557,0.000333,-0.004151,-0.000123
0.001696,0.0006,0.09451,-0.02096,0.009221,-0.003732,0.001519,0.000303,-0.0041,-0.00013
0.004018,-0.003899,0.096267,-0.020476,0.00898,-0.003693,0.001471,0.000281,-0.004052,-0.000136
0.006173,-0.008073,0.097679,-0.019782,0.008657,-0.003608,0.001415,0.000267,-0.004009,-0.000143
0.008156,-0.011913,0.098738,-0.018874,0.008248,-0.003478,0.001348,0.000261,-0.00397,-0.000149
0.009963,-0.015415,0.099441,-0.01775,0.007755,-0.0033,0.001272,0.000263,-0.003935,-0.000157
0.011593,-0.018575,0.099783,-0.016408,0.007176,-0.003076,0.001186,0.000273,-0.003905,-0.000164
0.013046,-0.021392,0.099764,-0.01485,0.006514,-0.002806,0.001091,0.00029,-0.003879,-0.000172
0.014322,-0.023867,0.099387,-0.013079,0.00577,-0.002491,0.000986,0.000316,-0.003856,-0.00018
0.015423,-0.026003,0.098654,-0.011099,0.004947,-0.002133,0.000872,0.000349,-0.003838,-0.000188
0.016353,-0.027806,0.097574,-0.008915,0.00405,-0.001734,0.00075,0.000389,-0.003823,-0.000196
0.017116,-0.029282,0.096154,-0.006537,0.003082,-0.001295,0.00062,0.000436,-0.003812,-0.000205
0.017716,-0.03044,0.094405,-0.003974,0.00205,-0.000822,0.000484,0.00049,-0.003804,-0.000214
0.018157,-0.031289,0.092339,-0.001235,0.00096,-0.000316,0.000341,0.000549,-0.0038,-0.000223
0.018448,-0.03184,0.089972,0.001665,-0.000182,0.000219,0.000193,0.000614,-0.003799,-0.000232
0.018592,-0.032107,0.087319,0.004714,-0.001366,0.000777,0.00004,0.000684,-0.0038,-0.000242
0.018599,-0.032102,0.084398,0.007897,-0.002584,0.001356,-0.000115,0.000758,-0.003804,-0.000251
0.018474,-0.031841,0.081227,0.011198,-0.003829,0.001949,-0.000272,0.000835,-0.00381,-0.000261
0.018225,-0.031338,0.077826,0.014601,-0.00509,0.002552,-0.000429,0.000915,-0.003818,-0.00027
0.017862,-0.03061,0.074217,0.018088,-0.006357,0.00316,-0.000586,0.000998,-0.003828,-0.000279
0.017391,-0.029673,0.07042,0.021642,-0.007621,0.003768,-0.00074,0.001082,-0.003839,-0.000288
0.016821,-0.028545,0.066459,0.025243,-0.008872,0.00437,-0.000892,0.001167,-0.003851,-0.000297
0.016161,-0.027242,0.062355,0.028874,-0.010099,0.004961,-0.001038,0.001251,-0.003864,-0.000305
0.01542,-0.025784,0.058133,0.032514,-0.011293,0.005537,-0.001179,0.001335,-0.003878,-0.000313
0.014607,-0.024188,0.053815,0.036146,-0.012443,0.006091,-0.001313,0.001417,-0.003891,-0.000321
0.013731,-0.022473,0.049426,0.03975,-0.013539,0.00662,-0.001439,0.001496,-0.003904,-0.000328
0.0128,-0.020656,0.044988,0.043307,-0.014571,0.007118,-0.001555,0.001573,-0.003917,-0.000335
0.011825,-0.018756,0.040526,0.046798,-0.015531,0.007581,-0.001661,0.001646,-0.003928,-0.000341
0.010814,-0.016791,0.036062,0.050205,-0.016409,0.008004,-0.001755,0.001715,-0.003938,-0.000347
0.009775,-0.014778,0.031618,0.053509,-0.017196,0.008384,-0.001838,0.001778,-0.003947,-0.000352
0.008718,-0.012735,0.027217,0.056693,-0.017883,0.008717,-0.001907,0.001836,-0.003954,-0.000356
0.007652,-0.010678,0.022881,0.05974,-0.018464,0.008999,-0.001963,0.001887,-0.003958,-0.000359
0.006584,-0.008625,0.01863,0.062634,-0.01893,0.009227,-0.002004,0.001931,-0.00396,-0.000362
0.005524,-0.00659,0.014483,0.065358,-0.019273,0.009398,-0.002031,0.001968,-0.003959,-0.000364
0.004478,-0.004589,0.01046,0.067898,-0.019488,0.009509,-0.002042,0.001997,-0.003955,-0.000366
0.003453,-0.002635,0.006579,0.070239,-0.019567,0.009557,-0.002036,0.002017,-0.003947,-0.000367
0.002458,-0.000742,0.002855,0.072368,-0.019504,0.009539,-0.002014,0.002029,-0.003936,-0.000366
0.001498,0.001078,-0.000695,0.074272,-0.019293,0.009453,-0.001975,0.00203,-0.00392,-0.000366
0.000579,0.002813,-0.004058,0.075941,-0.018927,0.009295,-0.001918,0.002022,-0.003901,-0.000364
-0.000293,0.004455,-0.007222,0.077363,-0.018403,0.009064,-0.001842,0.002003,-0.003877,-0.000361
-0.001115,0.005993,-0.010174,0.07853,-0.017714,0.008755,-0.001747,0.001973,-0.003848,-0.000358
-0.001882,0.007421,-0.012906,0.079434,-0.016857,0.008368,-0.001632,0.001932,-0.003814,-0.000354
-0.002592,0.008732,-0.015409,0.080067,-0.015826,0.007898,-0.001496,0.001879,-0.003776,-0.000349
-0.003241,0.009921,-0.017678,0.080425,-0.014619,0.007346,-0.001339,0.001814,-0.003732,-0.000343
-0.003829,0.010985,-0.019707,0.080503,-0.013233,0.006708,-0.001161,0.001738,-0.003683,-0.000336
-0.004353,0.01192,-0.021494,0.080301,-0.011667,0.005984,-0.00096,0.001649,-0.00363,-0.000328
-0.004813,0.012725,-0.023038,0.079818,-0.009921,0.005173,-0.000737,0.001548,-0.003571,-0.000319
-0.00521,0.013401,-0.02434,0.079055,-0.007996,0.004277,-0.000492,0.001435,-0.003507,-0.000309
-0.005544,0.013949,-0.025402,0.078017,-0.005894,0.003296,-0.000226,0.001311,-0.003439,-0.000298
-0.005817,0.01437,-0.026227,0.076708,-0.003621,0.002233,0.000062,0.001175,-0.003366,-0.000286
-0.006029,0.014667,-0.026821,0.075138,-0.001182,0.001092,0.00037,0.001028,-0.003289,-0.000273
-0.006183,0.014845,-0.027192,0.073314,0.001413,-0.000122,0.000697,0.000872,-0.003208,-0.00026
-0.00628,0.014908,-0.027348,0.07125,0.004156,-0.001403,0.00104,0.000706,-0.003123,-0.000245
-0.006324,0.014863,-0.027299,0.068959,0.007033,-0.002741,0.001399,0.000533,-0.003036,-0.000229
-0.006318,0.014714,-0.027056,0.066456,0.01003,-0.004129,0.001769,0.000352,-0.002946,-0.000212
-0.006263,0.014469,-0.02663,0.063758,0.013132,-0.005556,0.002148,0.000167,-0.002854,-0.000195
-0.006164,0.014135,-0.026036,0.060884,0.016322,-0.007011,0.002533,-0.000023,-0.002761,-0.000177
-0.006022,0.013719,-0.025286,0.057853,0.01958,-0.00848,0.00292,-0.000215,-0.002667,-0.000158
-0.005842,0.013229,-0.024395,0.054685,0.022886,-0.009952,0.003306,-0.000408,-0.002573,-0.000139
-0.005627,0.012672,-0.023378,0.051402,0.026221,-0.011411,0.003686,-0.0006,-0.00248,-0.00012
-0.00538,0.012058,-0.022248,0.048026,0.029563,-0.012845,0.004056,-0.000789,-0.002388,-0.0001
-0.005103,0.011393,-0.021021,0.044577,0.032891,-0.014238,0.004413,-0.000974,-0.002298,-0.00008
-0.004802,0.010685,-0.019711,0.041077,0.036183,-0.015577,0.004752,-0.001153,-0.00221,-0.000061
-0.004477,0.009942,-0.018333,0.037548,0.039419,-0.016849,0.005069,-0.001324,-0.002126,-0.000041
-0.004134,0.009171,-0.016901,0.03401,0.042578,-0.018039,0.005361,-0.001485,-0.002046,-0.000022
-0.003774,0.00838,-0.015428,0.030483,0.045642,-0.019135,0.005624,-0.001636,-0.00197,-0.000003
-0.003401,0.007575,-0.013927,0.026986,0.048591,-0.020125,0.005855,-0.001775,-0.001898,0.000016
-0.003017,0.006762,-0.01241,0.023535,0.051408,-0.020999,0.006051,-0.001901,-0.001832,0.000033
-0.002627,0.005949,-0.010888,0.020149,0.054078,-0.021747,0.006209,-0.002012,-0.001771,0.00005
-0.002232,0.00514,-0.009373,0.016842,0.056585,-0.022358,0.006327,-0.002108,-0.001717,0.000066
-0.001835,0.004341,-0.007874,0.013629,0.058917,-0.022827,0.006404,-0.002188,-0.001668,0.000081
-0.001438,0.003557,-0.006401,0.010522,0.061061,-0.023145,0.006437,-0.002251,-0.001626,0.000095
-0.001045,0.002793,-0.004961,0.007534,0.063007,-0.023308,0.006426,-0.002297,-0.001591,0.000108
-0.000658,0.002052,-0.003562,0.004674,0.064746,-0.02331,0.006369,-0.002325,-0.001562,0.000119
-0.000279,0.001339,-0.002212,0.001952,0.06627,-0.023148,0.006266,-0.002336,-0.00154,0.000129
0.000091,0.000657,-0.000917,-0.000624,0.067573,-0.02282,0.006118,-0.002328,-0.001524,0.000138
0.000449,0.000009,0.000319,-0.003047,0.068649,-0.022323,0.005923,-0.002303,-0.001516,0.000145
0.000792,-0.000602,0.00149,-0.005311,0.069496,-0.021657,0.005683,-0.002259,-0.001514,0.000151
0.001121,-0.001174,0.002592,-0.007411,0.070109,-0.020823,0.005398,-0.002199,-0.001518,0.000155
0.001432,-0.001705,0.003622,-0.009343,0.070488,-0.019822,0.005069,-0.00212,-0.001529,0.000157
0.001725,-0.002194,0.004576,-0.011106,0.070632,-0.018655,0.004698,-0.002026,-0.001546,0.000158
0.001998,-0.002638,0.005453,-0.012695,0.070541,-0.017325,0.004287,-0.001915,-0.001569,0.000157
0.00225,-0.003037,0.006251,-0.014111,0.070218,-0.015837,0.003836,-0.001788,-0.001598,0.000155
0.00248,-0.003391,0.006968,-0.015354,0.069664,-0.014194,0.003349,-0.001647,-0.001633,0.00015
0.002688,-0.003698,0.007603,-0.016423,0.068885,-0.012401,0.002827,-0.001492,-0.001672,0.000145
0.002872,-0.003959,0.008157,-0.017321,0.067883,-0.010465,0.002274,-0.001324,-0.001716,0.000137
0.003032,-0.004173,0.008629,-0.018049,0.066665,-0.008393,0.001691,-0.001144,-0.001765,0.000127
0.003168,-0.004341,0.00902,-0.01861,0.065238,-0.00619,0.001083,-0.000953,-0.001818,0.000116
0.003278,-0.004464,0.009331,-0.019008,0.063608,-0.003866,0.000451,-0.000753,-0.001875,0.000104
0.003365,-0.004543,0.009564,-0.019247,0.061783,-0.001429,-0.000199,-0.000544,-0.001934,0.000089
0.003426,-0.004578,0.00972,-0.019332,0.059773,0.001112,-0.000865,-0.000327,-0.001997,0.000074
0.003462,-0.00457,0.009801,-0.019268,0.057587,0.003747,-0.001543,-0.000105,-0.002062,0.000056
0.003474,-0.004522,0.00981,-0.019062,0.055235,0.006465,-0.002229,0.000121,-0.00213,0.000037
0.003462,-0.004435,0.00975,-0.01872,0.052729,0.009257,-0.002919,0.00035,-0.002198,0.000017
0.003426,-0.00431,0.009624,-0.018249,0.050081,0.01211,-0.003607,0.000581,-0.002268,-0.000004
0.003368,-0.004151,0.009434,-0.017656,0.047301,0.015012,-0.004291,0.000812,-0.002338,-0.000027
0.003287,-0.003958,0.009185,-0.01695,0.044404,0.017953,-0.004965,0.001041,-0.002409,-0.000051
0.003185,-0.003734,0.00888,-0.016138,0.041403,0.020918,-0.005624,0.001266,-0.002478,-0.000076
0.003063,-0.003482,0.008524,-0.01523,0.038311,0.023895,-0.006264,0.001487,-0.002547,-0.000102
0.002922,-0.003205,0.008119,-0.014234,0.035143,0.02687,-0.00688,0.001701,-0.002615,-0.000129
0.002762,-0.002904,0.007672,-0.01316,0.031913,0.029831,-0.007467,0.001906,-0.00268,-0.000157
0.002587,-0.002583,0.007186,-0.012017,0.028637,0.032763,-0.00802,0.002102,-0.002743,-0.000185
0.002396,-0.002244,0.006665,-0.010814,0.025329,0.035653,-0.008534,0.002285,-0.002804,-0.000214
0.002192,-0.001892,0.006115,-0.009563,0.022005,0.038486,-0.009003,0.002456,-0.00286,-0.000243
0.001976,-0.001527,0.00554,-0.008271,0.01868,0.041249,-0.009424,0.002611,-0.002913,-0.000273
0.00175,-0.001155,0.004944,-0.006951,0.015371,0.043927,-0.00979,0.002749,-0.002962,-0.000303
0.001516,-0.000777,0.004334,-0.005611,0.012093,0.046505,-0.010097,0.002869,-0.003006,-0.000333
0.001275,-0.000397,0.003713,-0.004262,0.008861,0.048971,-0.010339,0.002969,-0.003044,-0.000363
0.00103,-0.000018,0.003086,-0.002913,0.005692,0.05131,-0.010513,0.003047,-0.003077,-0.000392
0.000782,0.000357,0.002458,-0.001576,0.002601,0.053509,-0.010613,0.003103,-0.003104,-0.000421
0.000533,0.000724,0.001834,-0.000259,-0.000398,0.055554,-0.010636,0.003133,-0.003125,-0.00045
0.000286,0.001082,0.001219,0.001028,-0.003289,0.057433,-0.010576,0.003139,-0.003139,-0.000478
0.000041,0.001426,0.000616,0.002275,-0.006058,0.059134,-0.01043,0.003117,-0.003145,-0.000506
-0.000198,0.001754,0.00003,0.003475,-0.008692,0.060646,-0.010194,0.003067,-0.003145,-0.000532
-0.00043,0.002064,-0.000534,0.004617,-0.011177,0.061957,-0.009866,0.002988,-0.003136,-0.000558
-0.000654,0.002352,-0.001073,0.005695,-0.013502,0.063058,-0.009442,0.002879,-0.00312,-0.000582
-0.000867,0.002617,-0.001583,0.006701,-0.015657,0.063941,-0.00892,0.002741,-0.003097,-0.000605
-0.001068,0.002857,-0.002062,0.007629,-0.017631,0.064598,-0.008298,0.002571,-0.003065,-0.000627
-0.001256,0.003069,-0.002505,0.008472,-0.019416,0.065025,-0.007576,0.002371,-0.003025,-0.000647
-0.00143,0.003253,-0.002911,0.009228,-0.021007,0.065218,-0.006753,0.00214,-0.002977,-0.000666
-0.001589,0.003407,-0.003278,0.009891,-0.022398,0.065175,-0.005831,0.00188,-0.002921,-0.000683
-0.001731,0.003531,-0.003605,0.010459,-0.023588,0.064897,-0.00481,0.00159,-0.002858,-0.000699
-0.001858,0.003625,-0.00389,0.010932,-0.024577,0.064386,-0.003694,0.001272,-0.002787,-0.000712
-0.001968,0.003688,-0.004133,0.011309,-0.025365,0.063647,-0.002486,0.000928,-0.002709,-0.000724
-0.002063,0.003722,-0.004334,0.011591,-0.025957,0.062687,-0.001191,0.000559,-0.002624,-0.000734
-0.002141,0.003727,-0.004495,0.011781,-0.026359,0.061515,0.000186,0.000168,-0.002534,-0.000743
-0.002205,0.003705,-0.004615,0.011883,-0.026577,0.060141,0.00164,-0.000243,-0.002438,-0.00075
-0.002255,0.003658,-0.004697,0.011898,-0.026619,0.058577,0.003164,-0.000672,-0.002337,-0.000754
-0.00229,0.003586,-0.004743,0.011833,-0.026495,0.056835,0.00475,-0.001116,-0.002232,-0.000758
-0.002314,0.003492,-0.004753,0.011691,-0.026215,0.054927,0.006391,-0.001571,-0.002123,-0.000759
-0.002325,0.003377,-0.004729,0.011478,-0.025788,0.052869,0.008081,-0.002035,-0.002011,-0.000759
-0.002326,0.003245,-0.004675,0.011199,-0.025225,0.050673,0.009812,-0.002505,-0.001897,-0.000757
-0.002317,0.003095,-0.004592,0.010859,-0.024538,0.048355,0.011575,-0.002979,-0.001782,-0.000754
-0.002299,0.002931,-0.004482,0.010465,-0.023736,0.045927,0.013363,-0.003452,-0.001666,-0.000749
-0.002272,0.002755,-0.004347,0.01002,-0.022831,0.043405,0.015169,-0.003922,-0.00155,-0.000742
-0.002238,0.002568,-0.004191,0.009531,-0.021834,0.040803,0.016984,-0.004386,-0.001435,-0.000734
-0.002197,0.002372,-0.004014,0.009004,-0.020754,0.038134,0.018802,-0.004841,-0.001321,-0.000724
-0.002149,0.002169,-0.003819,0.008443,-0.019604,0.035413,0.020614,-0.005284,-0.00121,-0.000713
-0.002096,0.001962,-0.003608,0.007854,-0.018392,0.032652,0.022414,-0.005712,-0.001101,-0.000701
-0.002037,0.00175,-0.003384,0.007243,-0.017129,0.029865,0.024193,-0.006122,-0.000996,-0.000687
-0.001974,0.001537,-0.003148,0.006613,-0.015825,0.027066,0.025946,-0.006512,-0.000896,-0.000671
-0.001905,0.001324,-0.002903,0.00597,-0.014489,0.024265,0.027665,-0.006878,-0.0008,-0.000655
-0.001833,0.001112,-0.00265,0.00532,-0.01313,0.021476,0.029343,-0.007219,-0.000709,-0.000637
-0.001756,0.000902,-0.002391,0.004665,-0.011757,0.01871,0.030974,-0.007531,-0.000625,-0.000617
-0.001674,0.000695,-0.002129,0.00401,-0.010378,0.015977,0.032552,-0.007813,-0.000547,-0.000597
-0.001589,0.000494,-0.001864,0.00336,-0.009,0.013289,0.034072,-0.008061,-0.000477,-0.000575
-0.0015,0.000298,-0.001598,0.002717,-0.007631,0.010653,0.035527,-0.008275,-0.000414,-0.000552
-0.001406,0.000108,-0.001332,0.002086,-0.006277,0.00808,0.036913,-0.008452,-0.000358,-0.000528
-0.001308,-0.000074,-0.001068,0.001469,-0.004945,0.005578,0.038224,-0.00859,-0.000312,-0.000503
-0.001206,-0.000249,-0.000807,0.000869,-0.00364,0.003154,0.039458,-0.008687,-0.000273,-0.000477
-0.001099,-0.000415,-0.00055,0.000288,-0.002366,0.000815,0.040609,-0.008743,-0.000244,-0.000449
-0.000987,-0.000572,-0.000298,-0.00027,-0.00113,-0.001434,0.041673,-0.008756,-0.000223,-0.000421
-0.000871,-0.000721,-0.000051,-0.000805,0.000066,-0.003586,0.042649,-0.008724,-0.000212,-0.000392
-0.00075,-0.00086,0.000189,-0.001315,0.001218,-0.005636,0.043533,-0.008647,-0.00021,-0.000362
-0.000625,-0.00099,0.000422,-0.001798,0.002323,-0.007581,0.044322,-0.008524,-0.000218,-0.000331
-0.000495,-0.001109,0.000648,-0.002252,0.003378,-0.009417,0.045014,-0.008354,-0.000235,-0.000299
-0.000362,-0.001217,0.000866,-0.002677,0.00438,-0.011141,0.045609,-0.008136,-0.000262,-0.000266
-0.000225,-0.001314,0.001075,-0.003071,0.005327,-0.01275,0.046103,-0.007871,-0.000299,-0.000233
-0.000087,-0.0014,0.001274,-0.003433,0.006218,-0.014242,0.046498,-0.007557,-0.000345,-0.000198
0.000053,-0.001473,0.001464,-0.003764,0.007051,-0.015617,0.046791,-0.007195,-0.000401,-0.000163
0.000193,-0.001532,0.001644,-0.004062,0.007825,-0.016871,0.046983,-0.006785,-0.000467,-0.000128
0.000331,-0.001578,0.001813,-0.004326,0.008539,-0.018006,0.047075,-0.006327,-0.000542,-0.000091
0.000467,-0.001609,0.001972,-0.004556,0.009193,-0.019022,0.047066,-0.005821,-0.000627,-0.000054
0.000599,-0.001625,0.00212,-0.004753,0.009787,-0.019919,0.046959,-0.005269,-0.000721,-0.000016
0.000728,-0.001625,0.002256,-0.004917,0.010319,-0.020697,0.046754,-0.004672,-0.000824,0.000022
0.00085,-0.001611,0.002381,-0.005047,0.010792,-0.02136,0.046453,-0.004029,-0.000937,0.000061
0.000968,-0.001581,0.002494,-0.005144,0.011206,-0.021908,0.04606,-0.003344,-0.001057,0.000101
0.001079,-0.001536,0.002596,-0.005209,0.01156,-0.022344,0.045575,-0.002618,-0.001185,0.000141
0.001183,-0.001476,0.002686,-0.005243,0.011857,-0.022671,0.045003,-0.001852,-0.001321,0.000181
0.001281,-0.001402,0.002765,-0.005246,0.012097,-0.022893,0.044345,-0.001048,-0.001463,0.000221
0.001373,-0.001315,0.002833,-0.00522,0.012283,-0.023011,0.043605,-0.00021,-0.001611,0.000262
0.001457,-0.001215,0.002889,-0.005165,0.012414,-0.023031,0.042787,0.000663,-0.001765,0.000302
0.001535,-0.001102,0.002934,-0.005083,0.012494,-0.022954,0.041893,0.001566,-0.001923,0.000343
0.001607,-0.000978,0.002969,-0.004975,0.012522,-0.022786,0.040928,0.002497,-0.002086,0.000383
0.001672,-0.000844,0.002993,-0.004842,0.012503,-0.022531,0.039894,0.003456,-0.002252,0.000423
0.001732,-0.0007,0.003006,-0.004685,0.012436,-0.022191,0.038796,0.004438,-0.002421,0.000463
0.001785,-0.000547,0.003009,-0.004506,0.012324,-0.021772,0.037637,0.005441,-0.002591,0.000502
0.001834,-0.000387,0.003002,-0.004307,0.012169,-0.021277,0.036421,0.006463,-0.002763,0.00054
0.001877,-0.00022,0.002986,-0.004088,0.011973,-0.020712,0.035152,0.007501,-0.002935,0.000577
0.001915,-0.000047,0.00296,-0.003851,0.011739,-0.020079,0.033834,0.008553,-0.003106,0.000614
0.001949,0.00013,0.002925,-0.003598,0.011468,-0.019385,0.03247,0.009616,-0.003277,0.000649
0.001978,0.00031,0.002881,-0.003331,0.011162,-0.018634,0.031066,0.010687,-0.003445,0.000683
0.002004,0.000492,0.002829,-0.003051,0.010824,-0.01783,0.029625,0.011763,-0.00361,0.000716
0.002027,0.000676,0.002768,-0.002759,0.010457,-0.016979,0.028151,0.012842,-0.003771,0.000747
0.002046,0.000859,0.0027,-0.002458,0.010063,-0.016085,0.026649,0.01392,-0.003928,0.000776
0.002062,0.00104,0.002626,-0.00215,0.009643,-0.015154,0.025124,0.014995,-0.004078,0.000804
0.002076,0.001218,0.002544,-0.001836,0.009202,-0.01419,0.023579,0.016062,-0.004222,0.000829
0.002087,0.001393,0.002456,-0.001518,0.008742,-0.0132,0.02202,0.01712,-0.004359,0.000853
0.002096,0.001561,0.002363,-0.001199,0.008265,-0.012189,0.020451,0.018165,-0.004486,0.000874
0.002103,0.001723,0.002266,-0.000881,0.007774,-0.011162,0.018877,0.019193,-0.004604,0.000892
0.002108,0.001876,0.002164,-0.000566,0.007272,-0.010125,0.017303,0.020201,-0.004711,0.000908
0.002111,0.002019,0.002059,-0.000256,0.006761,-0.009084,0.015735,0.021186,-0.004806,0.000921
0.002111,0.002151,0.001951,0.000047,0.006246,-0.008045,0.014176,0.022145,-0.004887,0.000931
0.002109,0.002271,0.00184,0.00034,0.005727,-0.007011,0.012631,0.023074,-0.004955,0.000937
0.002105,0.002377,0.001729,0.000622,0.005208,-0.005989,0.011105,0.02397,-0.005008,0.00094
0.002098,0.002469,0.001616,0.000891,0.00469,-0.004982,0.009601,0.024831,-0.005045,0.00094
0.002087,0.002546,0.001503,0.001145,0.004176,-0.003995,0.008123,0.025654,-0.005065,0.000936
0.002072,0.002607,0.001389,0.001384,0.003666,-0.003031,0.006673,0.026438,-0.005068,0.000928
0.002053,0.002653,0.001275,0.001607,0.003162,-0.002091,0.005254,0.027181,-0.005054,0.000916
0.002029,0.002682,0.001161,0.001813,0.002665,-0.001179,0.003868,0.027881,-0.005021,0.0009
0.001999,0.002695,0.001048,0.002,0.002176,-0.000297,0.002517,0.028538,-0.00497,0.00088
0.001963,0.002693,0.000934,0.00217,0.001695,0.000554,0.001203,0.029151,-0.0049,0.000857
0.001919,0.002674,0.00082,0.002321,0.001223,0.001373,-0.000075,0.029718,-0.004811,0.000829
0.001869,0.002639,0.000706,0.002454,0.000759,0.002158,-0.001313,0.030239,-0.004703,0.000797
0.00181,0.002589,0.000592,0.002568,0.000305,0.002909,-0.002512,0.030714,-0.004575,0.000761
0.001743,0.002523,0.000478,0.002663,-0.000139,0.003624,-0.00367,0.031142,-0.004428,0.00072
0.001666,0.002442,0.000364,0.002739,-0.000573,0.004303,-0.004787,0.031523,-0.004262,0.000676
0.00158,0.002346,0.000249,0.002797,-0.000997,0.004945,-0.005862,0.031857,-0.004077,0.000628
0.001485,0.002235,0.000133,0.002836,-0.001411,0.00555,-0.006895,0.032143,-0.003872,0.000575
0.001379,0.002109,0.000017,0.002856,-0.001815,0.006117,-0.007885,0.032382,-0.003647,0.000518
0.001263,0.001969,-0.0001,0.002858,-0.002208,0.006646,-0.008832,0.032573,-0.003404,0.000458
0.001137,0.001815,-0.000217,0.002842,-0.00259,0.007137,-0.009736,0.032717,-0.003141,0.000393
0.001001,0.001647,-0.000336,0.002808,-0.002962,0.00759,-0.010597,0.032814,-0.00286,0.000324
0.000854,0.001466,-0.000456,0.002756,-0.003324,0.008004,-0.011414,0.032865,-0.002559,0.000252
0.000698,0.00127,-0.000576,0.002687,-0.003674,0.00838,-0.012188,0.032869,-0.002241,0.000175
0.000533,0.001061,-0.000698,0.0026,-0.004014,0.008718,-0.012918,0.032828,-0.001904,0.000095
0.000359,0.000839,-0.000821,0.002497,-0.004344,0.009018,-0.013606,0.032741,-0.00155,0.000011
0.000177,0.000604,-0.000944,0.002377,-0.004663,0.009281,-0.014251,0.032611,-0.001179,-0.000076
-0.000012,0.000355,-0.001069,0.002242,-0.004971,0.009506,-0.014855,0.032437,-0.000791,-0.000167
-0.000207,0.000092,-0.001195,0.002091,-0.005269,0.009695,-0.015417,0.032221,-0.000387,-0.000261
-0.000407,-0.000183,-0.001321,0.001924,-0.005556,0.009848,-0.015939,0.031964,0.000033,-0.000358
-0.000611,-0.000472,-0.001448,0.001744,-0.005833,0.009966,-0.016421,0.031666,0.000468,-0.000458
-0.000818,-0.000774,-0.001576,0.001549,-0.006099,0.01005,-0.016864,0.031331,0.000917,-0.000561
-0.001026,-0.001089,-0.001704,0.001341,-0.006355,0.010101,-0.017269,0.030958,0.001379,-0.000666
-0.001235,-0.001417,-0.001833,0.001121,-0.006601,0.010119,-0.017637,0.030549,0.001854,-0.000775
-0.001443,-0.001758,-0.001962,0.000888,-0.006838,0.010106,-0.01797,0.030105,0.002341,-0.000885
-0.00165,-0.002112,-0.002091,0.000644,-0.007064,0.010063,-0.018267,0.029629,0.00284,-0.000998
-0.001854,-0.002477,-0.00222,0.000389,-0.007281,0.00999,-0.018532,0.029122,0.003349,-0.001112
-0.002054,-0.002854,-0.00235,0.000123,-0.007488,0.00989,-0.018764,0.028586,0.003867,-0.001229
-0.002251,-0.003242,-0.00248,-0.000151,-0.007686,0.009763,-0.018965,0.028021,0.004394,-0.001347
-0.002442,-0.00364,-0.00261,-0.000434,-0.007874,0.00961,-0.019137,0.027431,0.004929,-0.001466
-0.002628,-0.004049,-0.002741,-0.000725,-0.008054,0.009433,-0.019281,0.026817,0.005471,-0.001586
-0.002809,-0.004465,-0.002871,-0.001023,-0.008225,0.009234,-0.019398,0.02618,0.00602,-0.001708
-0.002983,-0.00489,-0.003003,-0.001328,-0.008388,0.009013,-0.01949,0.025523,0.006573,-0.00183
-0.003152,-0.005322,-0.003134,-0.001637,-0.008543,0.008772,-0.019558,0.024847,0.007131,-0.001953
-0.003314,-0.00576,-0.003266,-0.001952,-0.008689,0.008512,-0.019604,0.024155,0.007692,-0.002076
-0.00347,-0.006202,-0.003399,-0.00227,-0.008828,0.008235,-0.019629,0.023448,0.008255,-0.002199
-0.00362,-0.006649,-0.003533,-0.00259,-0.00896,0.007942,-0.019634,0.022728,0.008821,-0.002322
-0.003764,-0.007098,-0.003667,-0.002913,-0.009085,0.007635,-0.019622,0.021997,0.009387,-0.002445
-0.003903,-0.007548,-0.003803,-0.003238,-0.009203,0.007315,-0.019593,0.021257,0.009953,-0.002568
-0.004035,-0.007999,-0.00394,-0.003563,-0.009315,0.006983,-0.019549,0.020509,0.010519,-0.00269
-0.004163,-0.00845,-0.004078,-0.003887,-0.009421,0.006641,-0.019492,0.019755,0.011083,-0.002811
-0.004286,-0.008899,-0.004217,-0.004211,-0.009522,0.00629,-0.019421,0.018995,0.011644,-0.002931
-0.004405,-0.009345,-0.004358,-0.004533,-0.009617,0.00593,-0.019339,0.018233,0.012203,-0.00305
-0.00452,-0.009787,-0.004501,-0.004853,-0.009708,0.005565,-0.019247,0.017469,0.012759,-0.003168
-0.004632,-0.010225,-0.004645,-0.005169,-0.009794,0.005193,-0.019145,0.016704,0.013311,-0.003285
-0.004742,-0.010656,-0.004792,-0.005482,-0.009877,0.004817,-0.019035,0.015939,0.013858,-0.0034
-0.00485,-0.011081,-0.004941,-0.005791,-0.009956,0.004438,-0.018917,0.015177,0.0144,-0.003514
-0.004957,-0.011499,-0.005091,-0.006095,-0.010032,0.004057,-0.018793,0.014416,0.014937,-0.003625
-0.005064,-0.011907,-0.005244,-0.006393,-0.010106,0.003675,-0.018663,0.013659,0.015468,-0.003736
-0.005171,-0.012306,-0.0054,-0.006686,-0.010178,0.003292,-0.018528,0.012906,0.015992,-0.003844
-0.00528,-0.012695,-0.005558,-0.006973,-0.010249,0.002909,-0.018389,0.012158,0.016511,-0.00395
-0.005392,-0.013073,-0.005719,-0.007252,-0.010318,0.002528,-0.018246,0.011415,0.017022,-0.004055
-0.005506,-0.013439,-0.005882,-0.007525,-0.010387,0.00215,-0.0181,0.010679,0.017526,-0.004157
-0.005624,-0.013792,-0.006048,-0.00779,-0.010457,0.001774,-0.017951,0.009949,0.018024,-0.004257
-0.005746,-0.014133,-0.006217,-0.008047,-0.010526,0.001402,-0.0178,0.009226,0.018514,-0.004355
-0.005874,-0.01446,-0.006389,-0.008296,-0.010596,0.001034,-0.017647,0.008511,0.018996,-0.004451
-0.006008,-0.014773,-0.006564,-0.008536,-0.010668,0.000671,-0.017493,0.007804,0.01947,-0.004545
-0.006147,-0.015071,-0.006742,-0.008768,-0.010741,0.000313,-0.017338,0.007104,0.019937,-0.004637
-0.006294,-0.015355,-0.006923,-0.00899,-0.010816,-0.000039,-0.017183,0.006414,0.020396,-0.004726
-0.006448,-0.015624,-0.007107,-0.009204,-0.010893,-0.000385,-0.017027,0.005731,0.020846,-0.004813
-0.006608,-0.015878,-0.007294,-0.009408,-0.010972,-0.000724,-0.01687,0.005058,0.021289,-0.004898
-0.006777,-0.016117,-0.007483,-0.009602,-0.011054,-0.001056,-0.016714,0.004394,0.021723,-0.004981
-0.006952,-0.016341,-0.007676,-0.009787,-0.011139,-0.001381,-0.016558,0.003739,0.022149,-0.005061
-0.007135,-0.01655,-0.007872,-0.009963,-0.011226,-0.001699,-0.016403,0.003093,0.022567,-0.005139
-0.007324,-0.016744,-0.00807,-0.010129,-0.011316,-0.002009,-0.016248,0.002457,0.022976,-0.005214
-0.00752,-0.016924,-0.008271,-0.010285,-0.011408,-0.002312,-0.016094,0.001831,0.023377,-0.005287
-0.007722,-0.01709,-0.008474,-0.010432,-0.011503,-0.002607,-0.015941,0.001214,0.02377,-0.005358
-0.007929,-0.017242,-0.00868,-0.01057,-0.0116,-0.002895,-0.015788,0.000607,0.024154,-0.005427
-0.008141,-0.017382,-0.008888,-0.010698,-0.011699,-0.003176,-0.015636,0.000009,0.024529,-0.005493
-0.008357,-0.017509,-0.009098,-0.010817,-0.011801,-0.00345,-0.015485,-0.000578,0.024896,-0.005556
-0.008575,-0.017625,-0.009309,-0.010928,-0.011903,-0.003717,-0.015335,-0.001156,0.025255,-0.005618
-0.008797,-0.01773,-0.009522,-0.01103,-0.012007,-0.003978,-0.015186,-0.001725,0.025605,-0.005677
-0.009019,-0.017825,-0.009736,-0.011124,-0.012112,-0.004232,-0.015038,-0.002283,0.025947,-0.005733
-0.009243,-0.017909,-0.00995,-0.01121,-0.012217,-0.00448,-0.01489,-0.002832,0.02628,-0.005787
-0.009466,-0.017985,-0.010165,-0.011289,-0.012322,-0.004723,-0.014743,-0.003371,0.026605,-0.005839
-0.009689,-0.018053,-0.01038,-0.011361,-0.012426,-0.004961,-0.014596,-0.0039,0.026921,-0.005889
-0.009911,-0.018112,-0.010595,-0.011426,-0.012529,-0.005194,-0.014451,-0.00442,0.02723,-0.005935
-0.010132,-0.018165,-0.01081,-0.011485,-0.012631,-0.005422,-0.014305,-0.00493,0.027529,-0.00598
-0.010351,-0.01821,-0.011023,-0.011538,-0.012731,-0.005646,-0.01416,-0.005431,0.027821,-0.006022
-0.010568,-0.018249,-0.011234,-0.011586,-0.012829,-0.005867,-0.014015,-0.005922,0.028104,-0.006062
-0.010783,-0.018283,-0.011444,-0.01163,-0.012923,-0.006084,-0.01387,-0.006405,0.02838,-0.0061
-0.010996,-0.018311,-0.011651,-0.011669,-0.013015,-0.006299,-0.013726,-0.006878,0.028647,-0.006135
-0.011206,-0.018333,-0.011856,-0.011705,-0.013102,-0.006511,-0.013581,-0.007342,0.028906,-0.006167
-0.011415,-0.018351,-0.012057,-0.011737,-0.013185,-0.00672,-0.013436,-0.007797,0.029157,-0.006198
-0.011621,-0.018365,-0.012254,-0.011767,-0.013263,-0.006928,-0.013291,-0.008243,0.0294,-0.006226
-0.011825,-0.018374,-0.012447,-0.011795,-0.013336,-0.007135,-0.013145,-0.00868,0.029636,-0.006251
-0.012027,-0.018378,-0.012636,-0.011822,-0.013404,-0.00734,-0.012999,-0.009108,0.029863,-0.006275
-0.012228,-0.018379,-0.01282,-0.011847,-0.013465,-0.007545,-0.012853,-0.009528,0.030083,-0.006296
-0.012427,-0.018376,-0.012998,-0.011872,-0.013521,-0.007749,-0.012706,-0.00994,0.030295,-0.006314
-0.012626,-0.018369,-0.013171,-0.011896,-0.013569,-0.007953,-0.012558,-0.010342,0.0305,-0.006331
-0.012824,-0.018358,-0.013337,-0.011921,-0.013611,-0.008157,-0.01241,-0.010737,0.030697,-0.006345
-0.013021,-0.018344,-0.013498,-0.011947,-0.013645,-0.00836,-0.01226,-0.011123,0.030887,-0.006356
-0.013218,-0.018326,-0.013651,-0.011973,-0.013672,-0.008564,-0.01211,-0.011501,0.031069,-0.006366
-0.013414,-0.018305,-0.013798,-0.012,-0.013692,-0.008768,-0.01196,-0.011871,0.031244,-0.006373
-0.013611,-0.01828,-0.013938,-0.012029,-0.013704,-0.008973,-0.011808,-0.012232,0.031411,-0.006377
-0.013808,-0.018251,-0.014071,-0.01206,-0.013708,-0.009177,-0.011655,-0.012586,0.031571,-0.00638
-0.014005,-0.018219,-0.014197,-0.012092,-0.013705,-0.009383,-0.011502,-0.012931,0.031724,-0.00638
-0.014203,-0.018184,-0.014315,-0.012126,-0.013693,-0.009588,-0.011348,-0.013268,0.031869,-0.006378
-0.014401,-0.018144,-0.014426,-0.012162,-0.013675,-0.009794,-0.011193,-0.013598,0.032008,-0.006373
-0.0146,-0.018102,-0.014529,-0.012201,-0.013648,-0.01,-0.011038,-0.013919,0.032139,-0.006367
-0.014799,-0.018055,-0.014626,-0.012241,-0.013614,-0.010205,-0.010882,-0.014233,0.032262,-0.006358
-0.014998,-0.018005,-0.014715,-0.012283,-0.013572,-0.010411,-0.010725,-0.014538,0.032379,-0.006346
-0.015198,-0.017951,-0.014796,-0.012327,-0.013524,-0.010616,-0.010568,-0.014836,0.032488,-0.006333
-0.015397,-0.017893,-0.014871,-0.012373,-0.013468,-0.010821,-0.01041,-0.015126,0.032591,-0.006317
-0.015597,-0.017832,-0.014939,-0.01242,-0.013405,-0.011025,-0.010252,-0.015407,0.032686,-0.006299
-0.015797,-0.017766,-0.015,-0.01247,-0.013336,-0.011228,-0.010094,-0.015681,0.032774,-0.006278
-0.015997,-0.017697,-0.015054,-0.012521,-0.01326,-0.01143,-0.009936,-0.015947,0.032854,-0.006256
-0.016197,-0.017623,-0.015101,-0.012573,-0.013178,-0.01163,-0.009778,-0.016205,0.032928,-0.006231
-0.016396,-0.017545,-0.015142,-0.012627,-0.01309,-0.011829,-0.00962,-0.016456,0.032994,-0.006204
-0.016595,-0.017464,-0.015177,-0.012681,-0.012997,-0.012025,-0.009461,-0.016698,0.033053,-0.006174
-0.016793,-0.017378,-0.015206,-0.012737,-0.012897,-0.01222,-0.009304,-0.016932,0.033105,-0.006142
-0.016991,-0.017287,-0.015228,-0.012793,-0.012793,-0.012412,-0.009146,-0.017159,0.03315,-0.006108
-0.017188,-0.017193,-0.015245,-0.012851,-0.012683,-0.012601,-0.008989,-0.017377,0.033187,-0.006072
-0.017383,-0.017094,-0.015256,-0.012908,-0.012568,-0.012788,-0.008832,-0.017588,0.033218,-0.006033
-0.017577,-0.01699,-0.015261,-0.012966,-0.012449,-0.012971,-0.008676,-0.017791,0.033241,-0.005993
-0.01777,-0.016882,-0.015261,-0.013025,-0.012326,-0.013151,-0.008521,-0.017985,0.033257,-0.005949
-0.017961,-0.016769,-0.015256,-0.013083,-0.012198,-0.013327,-0.008366,-0.018172,0.033265,-0.005904
-0.018151,-0.016652,-0.015246,-0.013141,-0.012067,-0.0135,-0.008213,-0.018351,0.033267,-0.005856
-0.018339,-0.01653,-0.015231,-0.013199,-0.011931,-0.013668,-0.00806,-0.018521,0.033261,-0.005806
-0.018525,-0.016403,-0.015211,-0.013257,-0.011793,-0.013832,-0.007909,-0.018684,0.033248,-0.005754
-0.018708,-0.016272,-0.015186,-0.013314,-0.011651,-0.013991,-0.007758,-0.018839,0.033227,-0.0057
-0.018889,-0.016136,-0.015158,-0.01337,-0.011506,-0.014146,-0.007609,-0.018985,0.0332,-0.005643
-0.019068,-0.015995,-0.015124,-0.013425,-0.011358,-0.014296,-0.007461,-0.019124,0.033165,-0.005584
-0.019244,-0.015849,-0.015087,-0.013479,-0.011208,-0.01444,-0.007315,-0.019255,0.033123,-0.005522
-0.019417,-0.015698,-0.015046,-0.013532,-0.011055,-0.014579,-0.007169,-0.019377,0.033073,-0.005459
-0.019588,-0.015543,-0.015001,-0.013583,-0.0109,-0.014713,-0.007026,-0.019492,0.033017,-0.005393
-0.019755,-0.015382,-0.014952,-0.013633,-0.010743,-0.014841,-0.006884,-0.019599,0.032953,-0.005324
-0.019919,-0.015217,-0.0149,-0.013681,-0.010585,-0.014963,-0.006743,-0.019697,0.032881,-0.005254
-0.02008,-0.015047,-0.014844,-0.013727,-0.010424,-0.015079,-0.006605,-0.019788,0.032803,-0.005181
-0.020237,-0.014872,-0.014785,-0.013771,-0.010263,-0.015188,-0.006468,-0.01987,0.032717,-0.005106
-0.020391,-0.014692,-0.014722,-0.013814,-0.0101,-0.015292,-0.006332,-0.019945,0.032624,-0.005029
-0.020541,-0.014507,-0.014657,-0.013853,-0.009935,-0.015389,-0.006199,-0.020012,0.032524,-0.004949
-0.020687,-0.014318,-0.014589,-0.013891,-0.00977,-0.015479,-0.006068,-0.02007,0.032416,-0.004867
-0.020829,-0.014123,-0.014517,-0.013926,-0.009604,-0.015563,-0.005938,-0.020121,0.032301,-0.004783
-0.020967,-0.013924,-0.014444,-0.013958,-0.009438,-0.01564,-0.00581,-0.020164,0.032179,-0.004696
-0.021101,-0.013721,-0.014367,-0.013987,-0.009271,-0.01571,-0.005685,-0.020199,0.03205,-0.004608
-0.021231,-0.013513,-0.014288,-0.014013,-0.009103,-0.015774,-0.005561,-0.020226,0.031914,-0.004517
-0.021356,-0.0133,-0.014207,-0.014037,-0.008936,-0.01583,-0.00544,-0.020245,0.031771,-0.004424
-0.021477,-0.013083,-0.014123,-0.014057,-0.008768,-0.01588,-0.00532,-0.020256,0.03162,-0.004328
-0.021593,-0.012862,-0.014037,-0.014073,-0.0086,-0.015922,-0.005202,-0.02026,0.031463,-0.004231
-0.021704,-0.012637,-0.013949,-0.014087,-0.008432,-0.015958,-0.005087,-0.020256,0.031298,-0.004131
-0.021811,-0.012407,-0.013859,-0.014097,-0.008265,-0.015986,-0.004973,-0.020245,0.031127,-0.004029
-0.021913,-0.012174,-0.013767,-0.014103,-0.008097,-0.016008,-0.004861,-0.020225,0.030949,-0.003925
-0.02201,-0.011937,-0.013673,-0.014105,-0.00793,-0.016023,-0.004752,-0.020199,0.030764,-0.003819
-0.022102,-0.011697,-0.013577,-0.014104,-0.007764,-0.016031,-0.004644,-0.020165,0.030572,-0.00371
-0.022189,-0.011453,-0.01348,-0.014099,-0.007597,-0.016032,-0.004538,-0.020124,0.030374,-0.0036
-0.022272,-0.011205,-0.013381,-0.01409,-0.007432,-0.016027,-0.004434,-0.020075,0.030169,-0.003487
-0.022349,-0.010955,-0.01328,-0.014077,-0.007267,-0.016015,-0.004332,-0.020019,0.029957,-0.003372
-0.022421,-0.010702,-0.013177,-0.01406,-0.007102,-0.015996,-0.004232,-0.019956,0.029739,-0.003256
-0.022487,-0.010446,-0.013073,-0.014038,-0.006939,-0.015971,-0.004133,-0.019886,0.029514,-0.003137
-0.022549,-0.010187,-0.012967,-0.014013,-0.006776,-0.01594,-0.004036,-0.019809,0.029283,-0.003016
-0.022605,-0.009926,-0.01286,-0.013983,-0.006614,-0.015902,-0.003941,-0.019725,0.029046,-0.002893
-0.022656,-0.009663,-0.012752,-0.013948,-0.006452,-0.015859,-0.003848,-0.019635,0.028803,-0.002768
-0.022701,-0.009398,-0.012642,-0.01391,-0.006292,-0.015809,-0.003756,-0.019537,0.028553,-0.002641
-0.022741,-0.009131,-0.012531,-0.013866,-0.006133,-0.015752,-0.003666,-0.019433,0.028298,-0.002513
-0.022775,-0.008862,-0.012419,-0.013818,-0.005974,-0.01569,-0.003578,-0.019322,0.028036,-0.002382
-0.022804,-0.008591,-0.012305,-0.013766,-0.005817,-0.015622,-0.003491,-0.019205,0.027769,-0.002249
-0.022827,-0.008319,-0.012191,-0.013708,-0.005661,-0.015549,-0.003406,-0.019081,0.027495,-0.002115
-0.022845,-0.008046,-0.012075,-0.013646,-0.005506,-0.015469,-0.003322,-0.018951,0.027216,-0.001979
-0.022856,-0.007771,-0.011959,-0.013579,-0.005353,-0.015384,-0.00324,-0.018815,0.026931,-0.001841
-0.022862,-0.007496,-0.011841,-0.013508,-0.0052,-0.015293,-0.003159,-0.018673,0.026641,-0.001701
-0.022862,-0.00722,-0.011723,-0.013431,-0.005049,-0.015197,-0.00308,-0.018524,0.026345,-0.001559
-0.022856,-0.006943,-0.011603,-0.013349,-0.004899,-0.015096,-0.003002,-0.01837,0.026044,-0.001416
-0.022845,-0.006666,-0.011483,-0.013263,-0.004751,-0.014989,-0.002925,-0.01821,0.025737,-0.001271
-0.022827,-0.006389,-0.011362,-0.013172,-0.004604,-0.014877,-0.00285,-0.018043,0.025425,-0.001124
-0.022803,-0.006111,-0.01124,-0.013075,-0.004458,-0.01476,-0.002776,-0.017872,0.025108,-0.000976
-0.022774,-0.005834,-0.011117,-0.012974,-0.004314,-0.014638,-0.002703,-0.017694,0.024786,-0.000826
-0.022738,-0.005556,-0.010994,-0.012868,-0.004172,-0.014511,-0.002632,-0.017511,0.024459,-0.000675
-0.022696,-0.005279,-0.01087,-0.012756,-0.004031,-0.014379,-0.002562,-0.017323,0.024127,-0.000522
-0.022648,-0.005003,-0.010745,-0.01264,-0.003891,-0.014243,-0.002493,-0.017129,0.02379,-0.000368
-0.022594,-0.004727,-0.01062,-0.012519,-0.003754,-0.014102,-0.002425,-0.01693,0.023449,-0.000212
-0.022533,-0.004452,-0.010494,-0.012393,-0.003617,-0.013956,-0.002358,-0.016726,0.023103,-0.000055
-0.022467,-0.004178,-0.010368,-0.012262,-0.003483,-0.013806,-0.002293,-0.016517,0.022753,0.000104
-0.022394,-0.003905,-0.010241,-0.012126,-0.00335,-0.013652,-0.002228,-0.016303,0.022398,0.000264
-0.022315,-0.003633,-0.010114,-0.011985,-0.003219,-0.013493,-0.002165,-0.016085,0.022039,0.000425
-0.02223,-0.003362,-0.009986,-0.011839,-0.00309,-0.013331,-0.002102,-0.015861,0.021677,0.000587
-0.022138,-0.003093,-0.009858,-0.011689,-0.002963,-0.013164,-0.002041,-0.015634,0.02131,0.00075
-0.02204,-0.002826,-0.00973,-0.011534,-0.002838,-0.012993,-0.001981,-0.015402,0.020939,0.000914
-0.021936,-0.00256,-0.009601,-0.011374,-0.002714,-0.012819,-0.001922,-0.015165,0.020565,0.00108
-0.021826,-0.002297,-0.009472,-0.01121,-0.002592,-0.012641,-0.001864,-0.014925,0.020188,0.001246
-0.021709,-0.002035,-0.009342,-0.011042,-0.002472,-0.012459,-0.001807,-0.014681,0.019807,0.001413
-0.021586,-0.001775,-0.009213,-0.010869,-0.002355,-0.012274,-0.00175,-0.014433,0.019423,0.001581
-0.021457,-0.001518,-0.009083,-0.010693,-0.002239,-0.012086,-0.001695,-0.014181,0.019037,0.00175
-0.021322,-0.001263,-0.008952,-0.010512,-0.002125,-0.011894,-0.001641,-0.013927,0.018647,0.001919
-0.02118,-0.001011,-0.008822,-0.010327,-0.002013,-0.011699,-0.001587,-0.013668,0.018255,0.002088
-0.021033,-0.000762,-0.008691,-0.010139,-0.001903,-0.011501,-0.001535,-0.013407,0.01786,0.002259
-0.020879,-0.000515,-0.00856,-0.009947,-0.001795,-0.011301,-0.001484,-0.013143,0.017464,0.002429
-0.020719,-0.000271,-0.008429,-0.009751,-0.001689,-0.011097,-0.001433,-0.012876,0.017065,0.0026
-0.020554,-0.00003,-0.008298,-0.009552,-0.001585,-0.010891,-0.001383,-0.012606,0.016665,0.002771
-0.020382,0.000208,-0.008166,-0.009351,-0.001484,-0.010683,-0.001334,-0.012334,0.016262,0.002942
-0.020204,0.000443,-0.008035,-0.009146,-0.001384,-0.010472,-0.001286,-0.01206,0.015859,0.003114
-0.02002,0.000674,-0.007903,-0.008938,-0.001287,-0.010259,-0.001239,-0.011784,0.015454,0.003285
-0.019831,0.000902,-0.007771,-0.008728,-0.001191,-0.010044,-0.001193,-0.011506,0.015048,0.003456
-0.019635,0.001126,-0.007639,-0.008515,-0.001098,-0.009826,-0.001148,-0.011227,0.014642,0.003627
-0.019434,0.001347,-0.007507,-0.0083,-0.001007,-0.009607,-0.001103,-0.010945,0.014234,0.003797
-0.019227,0.001564,-0.007374,-0.008083,-0.000918,-0.009386,-0.001059,-0.010663,0.013826,0.003967
-0.019015,0.001777,-0.007242,-0.007864,-0.000832,-0.009164,-0.001017,-0.010379,0.013418,0.004137
-0.018796,0.001986,-0.00711,-0.007643,-0.000747,-0.008939,-0.000975,-0.010095,0.01301,0.004306
-0.018572,0.00219,-0.006977,-0.007421,-0.000665,-0.008714,-0.000933,-0.009809,0.012602,0.004474
-0.018343,0.002391,-0.006844,-0.007197,-0.000585,-0.008487,-0.000893,-0.009523,0.012195,0.004641
-0.018108,0.002587,-0.006712,-0.006972,-0.000507,-0.008259,-0.000853,-0.009237,0.011788,0.004808
-0.017867,0.002779,-0.006579,-0.006745,-0.000432,-0.00803,-0.000815,-0.00895,0.011381,0.004974
-0.017621,0.002967,-0.006446,-0.006518,-0.000359,-0.0078,-0.000777,-0.008663,0.010976,0.005139
-0.01737,0.00315,-0.006313,-0.00629,-0.000288,-0.007569,-0.00074,-0.008376,0.010571,0.005302
-0.017114,0.003328,-0.00618,-0.006061,-0.000219,-0.007337,-0.000703,-0.00809,0.010168,0.005465
-0.016852,0.003501,-0.006048,-0.005832,-0.000153,-0.007105,-0.000668,-0.007804,0.009767,0.005626
-0.016585,0.00367,-0.005915,-0.005602,-0.000089,-0.006872,-0.000633,-0.007518,0.009366,0.005786
-0.016313,0.003834,-0.005782,-0.005372,-0.000027,-0.006639,-0.000599,-0.007233,0.008968,0.005945
-0.016036,0.003992,-0.005649,-0.005142,0.000033,-0.006406,-0.000566,-0.006948,0.008572,0.006102
-0.015754,0.004146,-0.005516,-0.004912,0.00009,-0.006172,-0.000533,-0.006665,0.008177,0.006257
-0.015467,0.004294,-0.005383,-0.004683,0.000145,-0.005938,-0.000501,-0.006383,0.007785,0.006411
-0.015175,0.004437,-0.00525,-0.004453,0.000197,-0.005705,-0.00047,-0.006102,0.007395,0.006563
-0.014878,0.004575,-0.005117,-0.004225,0.000248,-0.005471,-0.00044,-0.005823,0.007008,0.006714
-0.014577,0.004707,-0.004984,-0.003997,0.000296,-0.005238,-0.00041,-0.005545,0.006624,0.006862
-0.014271,0.004833,-0.004851,-0.00377,0.000341,-0.005005,-0.000382,-0.005269,0.006243,0.007009
-0.01396,0.004954,-0.004718,-0.003543,0.000385,-0.004772,-0.000354,-0.004994,0.005864,0.007154
-0.013644,0.00507,-0.004585,-0.003318,0.000426,-0.004541,-0.000326,-0.004722,0.005489,0.007296
-0.013324,0.005179,-0.004452,-0.003094,0.000465,-0.004309,-0.000299,-0.004451,0.005117,0.007437
-0.013,0.005283,-0.00432,-0.002872,0.000501,-0.004079,-0.000273,-0.004183,0.004749,0.007575
-0.012671,0.005381,-0.004187,-0.002651,0.000535,-0.003849,-0.000248,-0.003917,0.004384,0.007712
-0.012337,0.005472,-0.004054,-0.002431,0.000567,-0.00362,-0.000223,-0.003654,0.004023,0.007846
-0.012,0.005558,-0.003921,-0.002214,0.000597,-0.003393,-0.000199,-0.003393,0.003666,0.007977
-0.011658,0.005638,-0.003788,-0.001998,0.000625,-0.003166,-0.000176,-0.003135,0.003313,0.008106
-0.011312,0.005712,-0.003655,-0.001784,0.00065,-0.002941,-0.000153,-0.00288,0.002964,0.008233
-0.010962,0.005779,-0.003522,-0.001572,0.000673,-0.002717,-0.000131,-0.002627,0.002619,0.008358
-0.010608,0.00584,-0.003389,-0.001362,0.000694,-0.002495,-0.00011,-0.002378,0.002278,0.00848
-0.01025,0.005895,-0.003256,-0.001155,0.000713,-0.002274,-0.000089,-0.002131,0.001942,0.008599
-0.009889,0.005943,-0.003123,-0.00095,0.00073,-0.002054,-0.000069,-0.001888,0.00161,0.008716
-0.009523,0.005985,-0.00299,-0.000747,0.000745,-0.001837,-0.000049,-0.001648,0.001283,0.00883
-0.009154,0.006021,-0.002857,-0.000547,0.000758,-0.001621,-0.00003,-0.001411,0.000961,0.008941
-0.008782,0.006051,-0.002724,-0.00035,0.000769,-0.001407,-0.000011,-0.001178,0.000643,0.00905
-0.008406,0.006073,-0.00259,-0.000155,0.000778,-0.001195,0.000007,-0.000948,0.00033,0.009156
-0.008027,0.00609,-0.002457,0.000036,0.000785,-0.000985,0.000024,-0.000722,0.000022,0.00926
-0.007644,0.0061,-0.002323,0.000225,0.000791,-0.000778,0.000041,-0.000499,-0.000281,0.009361
-0.007258,0.006103,-0.00219,0.000411,0.000795,-0.000572,0.000058,-0.00028,-0.00058,0.009459
-0.006869,0.0061,-0.002056,0.000593,0.000797,-0.000369,0.000074,-0.000064,-0.000873,0.009554
-0.006478,0.006091,-0.001922,0.000773,0.000798,-0.000168,0.00009,0.000148,-0.001161,0.009647
-0.006083,0.006075,-0.001788,0.000949,0.000797,0.00003,0.000105,0.000356,-0.001444,0.009737
-0.005686,0.006053,-0.001653,0.001122,0.000795,0.000225,0.00012,0.000561,-0.001723,0.009824
-0.005287,0.006024,-0.001519,0.001291,0.000792,0.000418,0.000135,0.000761,-0.001996,0.009908
-0.004884,0.005989,-0.001384,0.001457,0.000787,0.000609,0.000149,0.000958,-0.002264,0.00999
-0.00448,0.005947,-0.001249,0.00162,0.000781,0.000796,0.000163,0.001152,-0.002527,0.010069
-0.004074,0.005899,-0.001113,0.001779,0.000775,0.00098,0.000177,0.001341,-0.002784,0.010145
-0.003665,0.005845,-0.000978,0.001935,0.000767,0.001162,0.000191,0.001526,-0.003037,0.010219
-0.003255,0.005784,-0.000842,0.002087,0.000759,0.00134,0.000204,0.001708,-0.003285,0.01029
-0.002842,0.005718,-0.000705,0.002235,0.000749,0.001515,0.000217,0.001886,-0.003527,0.010358
-0.002429,0.005645,-0.000569,0.00238,0.000739,0.001688,0.00023,0.00206,-0.003765,0.010424
-0.002013,0.005566,-0.000432,0.002521,0.000728,0.001856,0.000243,0.00223,-0.003997,0.010487
-0.001597,0.005481,-0.000294,0.002658,0.000717,0.002022,0.000255,0.002397,-0.004224,0.010548
-0.001179,0.00539,-0.000156,0.002791,0.000706,0.002184,0.000268,0.002559,-0.004446,0.010606
-0.00076,0.005293,-0.000018,0.002921,0.000694,0.002343,0.00028,0.002718,-0.004664,0.010661
-0.00034,0.00519,0.00012,0.003047,0.000681,0.002498,0.000292,0.002873,-0.004876,0.010714
0.00008,0.005081,0.000259,0.003168,0.000669,0.002649,0.000305,0.003024,-0.005083,0.010764
0.000501,0.004966,0.000399,0.003286,0.000656,0.002797,0.000317,0.003171,-0.005285,0.010812
0.000923,0.004846,0.000539,0.0034,0.000643,0.002942,0.000329,0.003314,-0.005482,0.010858
0.001345,0.00472,0.000679,0.00351,0.000631,0.003082,0.000341,0.003454,-0.005674,0.0109
0.001767,0.004588,0.000819,0.003616,0.000618,0.003219,0.000354,0.003589,-0.005861,0.010941
0.002189,0.004452,0.00096,0.003718,0.000605,0.003352,0.000366,0.003721,-0.006043,0.010979
0.002611,0.004309,0.001102,0.003816,0.000593,0.003482,0.000378,0.003849,-0.00622,0.011015
0.003032,0.004162,0.001244,0.00391,0.000581,0.003607,0.000391,0.003974,-0.006392,0.011048
0.003453,0.004009,0.001386,0.004,0.000569,0.003728,0.000403,0.004094,-0.006559,0.011079
0.003874,0.003851,0.001528,0.004085,0.000558,0.003846,0.000416,0.004211,-0.006722,0.011107
0.004293,0.003688,0.001671,0.004167,0.000547,0.003959,0.000429,0.004324,-0.006879,0.011133
0.004712,0.003521,0.001814,0.004245,0.000537,0.004069,0.000442,0.004433,-0.007032,0.011157
0.005129,0.003349,0.001957,0.004319,0.000528,0.004174,0.000455,0.004539,-0.00718,0.011179
0.005546,0.003172,0.002101,0.004388,0.000518,0.004275,0.000468,0.004641,-0.007323,0.011198
0.00596,0.002991,0.002245,0.004454,0.00051,0.004373,0.000481,0.004739,-0.007462,0.011216
0.006374,0.002805,0.002389,0.004516,0.000502,0.004466,0.000495,0.004834,-0.007596,0.011231
0.006785,0.002616,0.002533,0.004574,0.000495,0.004555,0.000508,0.004925,-0.007725,0.011244
0.007194,0.002422,0.002677,0.004628,0.000489,0.004641,0.000522,0.005013,-0.00785,0.011254
0.007601,0.002225,0.002821,0.004678,0.000483,0.004722,0.000536,0.005097,-0.00797,0.011263
0.008006,0.002024,0.002965,0.004724,0.000478,0.0048,0.00055,0.005177,-0.008085,0.011269
0.008409,0.001819,0.003109,0.004767,0.000474,0.004873,0.000564,0.005255,-0.008196,0.011274
0.008808,0.001612,0.003253,0.004806,0.000471,0.004943,0.000579,0.005328,-0.008303,0.011276
0.009205,0.001401,0.003396,0.004841,0.000468,0.005009,0.000593,0.005399,-0.008405,0.011277
0.009599,0.001188,0.003539,0.004873,0.000467,0.005071,0.000608,0.005466,-0.008503,0.011275
0.009989,0.000972,0.003682,0.004901,0.000466,0.005129,0.000622,0.00553,-0.008597,0.011272
0.010376,0.000754,0.003825,0.004926,0.000465,0.005184,0.000637,0.005591,-0.008687,0.011267
0.010759,0.000534,0.003967,0.004947,0.000466,0.005235,0.000652,0.005649,-0.008773,0.01126
0.011139,0.000311,0.004108,0.004965,0.000467,0.005282,0.000667,0.005703,-0.008854,0.011251
0.011514,0.000087,0.004248,0.00498,0.000469,0.005326,0.000682,0.005755,-0.008932,0.01124
0.011886,-0.000138,0.004388,0.004992,0.000472,0.005367,0.000698,0.005803,-0.009005,0.011228
0.012253,-0.000365,0.004527,0.005001,0.000476,0.005404,0.000713,0.005849,-0.009075,0.011214
0.012615,-0.000592,0.004665,0.005007,0.00048,0.005439,0.000728,0.005892,-0.009142,0.011198
0.012973,-0.00082,0.004802,0.005011,0.000485,0.00547,0.000744,0.005933,-0.009204,0.011181
0.013326,-0.001048,0.004937,0.005012,0.000491,0.005498,0.000759,0.00597,-0.009263,0.011162
0.013674,-0.001277,0.005071,0.00501,0.000497,0.005523,0.000774,0.006005,-0.009319,0.011142
0.014016,-0.001505,0.005204,0.005005,0.000503,0.005545,0.000789,0.006038,-0.009371,0.01112
0.014353,0.005336,0.004999,0.000511,0.005565,0.000805,0.006068,-0.00942,0.011097
0.014685,-0.001961,0.005465,0.00499,0.000518,0.005581,0.00082,0.006096,-0.009465,0.011073
0.01501,-0.002187,0.005594,0.004979,0.000527,0.005596,0.000835,0.006121,-0.009507,0.011047
0.01533,-0.002412,0.00572,0.004966,0.000535,0.005608,0.00085,0.006144,-0.009547,0.011019
0.015644,-0.002636,0.005844,0.004951,0.000544,0.005617,0.000865,0.006166,-0.009583,0.010991
0.015951,-0.002858,0.005967,0.004935,0.000554,0.005625,0.000879,0.006185,-0.009617,0.010961
0.016252,-0.003077,0.006087,0.004916,0.000563,0.00563,0.000894,0.006202,-0.009647,0.01093
0.016546,-0.003295,0.006205,0.004897,0.000573,0.005634,0.000908,0.006217,-0.009675,0.010898
0.016834,-0.003511,0.006321,0.004875,0.000583,0.005635,0.000922,0.00623,-0.0097,0.010865
0.017114,-0.003723,0.006435,0.004853,0.000594,0.005634,0.000936,0.006241,-0.009723,0.010831
0.017388,-0.003933,0.006546,0.004829,0.000604,0.005632,0.00095,0.006251,-0.009743,0.010796
0.017654,-0.00414,0.006655,0.004804,0.000615,0.005628,0.000963,0.006259,-0.009761,0.010759
0.017914,-0.004343,0.006761,0.004778,0.000625,0.005623,0.000976,0.006266,-0.009776,0.010722
0.018166,-0.004543,0.006865,0.004751,0.000636,0.005616,0.000989,0.00627,-0.009789,0.010684
0.01841,-0.00474,0.006965,0.004723,0.000647,0.005608,0.001002,0.006274,-0.0098,0.010645
0.018647,-0.004932,0.007063,0.004695,0.000658,0.005598,0.001014,0.006276,-0.009808,0.010605
0.018877,-0.005121,0.007159,0.004665,0.000669,0.005587,0.001026,0.006276,-0.009815,0.010564
0.019098,-0.005305,0.007251,0.004635,0.000679,0.005576,0.001037,0.006276,-0.009819,0.010523
0.019313,-0.005486,0.00734,0.004605,0.00069,0.005562,0.001049,0.006274,-0.009822,0.010481
0.019519,-0.005662,0.007427,0.004574,0.0007,0.005548,0.001059,0.00627,-0.009822,0.010438
0.019718,-0.005833,0.007511,0.004542,0.000711,0.005533,0.00107,0.006266,-0.009821,0.010394
0.019908,-0.006,0.007591,0.00451,0.000721,0.005517,0.00108,0.00626,-0.009818,0.010349
0.020092,-0.006163,0.007669,0.004478,0.000731,0.005501,0.00109,0.006254,-0.009813,0.010304
0.020267,-0.006321,0.007743,0.004446,0.000741,0.005483,0.001099,0.006246,-0.009806,0.010259
0.020435,-0.006474,0.007815,0.004413,0.00075,0.005465,0.001108,0.006237,-0.009798,0.010212
0.020595,-0.006622,0.007883,0.004381,0.00076,0.005446,0.001117,0.006228,-0.009788,0.010166
0.020747,-0.006766,0.007949,0.004348,0.000769,0.005426,0.001125,0.006217,-0.009777,0.010118
0.020892,-0.006905,0.008011,0.004315,0.000777,0.005406,0.001133,0.006206,-0.009764,0.01007
0.021029,-0.007039,0.00807,0.004282,0.000786,0.005386,0.001141,0.006193,-0.009749,0.010022
0.021159,-0.007169,0.008127,0.00425,0.000794,0.005364,0.001148,0.00618,-0.009733,0.009973
0.021281,-0.007293,0.00818,0.004217,0.000802,0.005343,0.001154,0.006166,-0.009716,0.009923
0.021396,-0.007414,0.00823,0.004184,0.000809,0.005321,0.001161,0.006151,-0.009697,0.009873
0.021504,-0.007529,0.008278,0.004151,0.000816,0.005298,0.001167,0.006136,-0.009678,0.009823
0.021605,-0.00764,0.008323,0.004119,0.000823,0.005275,0.001172,0.006119,-0.009656,0.009772
0.021699,-0.007746,0.008364,0.004086,0.000829,0.005252,0.001177,0.006102,-0.009634,0.009721
0.021786,-0.007847,0.008403,0.004054,0.000835,0.005228,0.001182,0.006085,-0.00961,0.009669
0.021866,-0.007944,0.008439,0.004022,0.000841,0.005204,0.001187,0.006066,-0.009585,0.009617
0.021939,-0.008037,0.008473,0.00399,0.000846,0.00518,0.001191,0.006047,-0.009559,0.009565
0.022006,-0.008125,0.008504,0.003958,0.000851,0.005155,0.001194,0.006027,-0.009532,0.009512
0.022066,-0.008209,0.008532,0.003926,0.000856,0.00513,0.001198,0.006007,-0.009503,0.009459
0.02212,-0.008289,0.008557,0.003895,0.000861,0.005105,0.001201,0.005986,-0.009474,0.009406
0.022168,-0.008364,0.00858,0.003864,0.000865,0.00508,0.001203,0.005964,-0.009443,0.009352
0.022209,-0.008436,0.0086,0.003832,0.000868,0.005054,0.001205,0.005942,-0.009412,0.009298
0.022245,-0.008503,0.008618,0.003801,0.000872,0.005028,0.001207,0.005919,-0.009379,0.009243
0.022275,-0.008567,0.008634,0.00377,0.000875,0.005001,0.001209,0.005896,-0.009346,0.009189
0.022299,-0.008626,0.008647,0.00374,0.000878,0.004975,0.00121,0.005872,-0.009311,0.009134
0.022317,-0.008682,0.008658,0.003709,0.000881,0.004948,0.001212,0.005848,-0.009276,0.009079
0.02233,-0.008735,0.008667,0.003679,0.000883,0.004921,0.001212,0.005823,-0.009239,0.009023
0.022337,-0.008783,0.008673,0.003648,0.000885,0.004894,0.001213,0.005798,-0.009202,0.008968
0.02234,-0.008828,0.008677,0.003618,0.000887,0.004866,0.001213,0.005772,-0.009164,0.008912
0.022337,-0.00887,0.00868,0.003588,0.000888,0.004839,0.001213,0.005746,-0.009125,0.008856
0.022328,-0.008908,0.00868,0.003558,0.00089,0.004811,0.001212,0.005719,-0.009085,0.0088
0.022315,-0.008943,0.008678,0.003529,0.000891,0.004782,0.001212,0.005691,-0.009045,0.008743
0.022298,-0.008974,0.008674,0.003499,0.000891,0.004754,0.001211,0.005664,-0.009003,0.008686
0.022275,-0.009003,0.008668,0.00347,0.000892,0.004726,0.001209,0.005636,-0.008961,0.00863
0.022248,-0.009028,0.00866,0.003441,0.000892,0.004697,0.001208,0.005607,-0.008918,0.008573
0.022216,-0.00905,0.00865,0.003412,0.000892,0.004668,0.001206,0.005578,-0.008875,0.008516
0.02218,-0.009069,0.008639,0.003383,0.000892,0.004639,0.001204,0.005549,-0.00883,0.008458
0.022139,-0.009085,0.008626,0.003354,0.000892,0.00461,0.001202,0.005519,-0.008785,0.008401
0.022094,-0.009098,0.008611,0.003326,0.000891,0.004581,0.0012,0.005489,-0.00874,0.008343
0.022046,-0.009109,0.008594,0.003297,0.00089,0.004551,0.001197,0.005459,-0.008693,0.008286
0.021993,-0.009116,0.008576,0.003269,0.000889,0.004522,0.001194,0.005428,-0.008646,0.008228
0.021936,-0.009121,0.008556,0.003241,0.000888,0.004492,0.001191,0.005397,-0.008599,0.00817
0.021875,-0.009124,0.008534,0.003213,0.000887,0.004462,0.001188,0.005366,-0.008551,0.008112
0.021811,-0.009123,0.008511,0.003185,0.000885,0.004432,0.001185,0.005334,-0.008502,0.008054
0.021742,-0.00912,0.008486,0.003158,0.000883,0.004402,0.001181,0.005302,-0.008453,0.007996
0.021671,-0.009115,0.00846,0.00313,0.000881,0.004372,0.001177,0.00527,-0.008403,0.007938
0.021596,-0.009107,0.008433,0.003103,0.000879,0.004342,0.001173,0.005237,-0.008353,0.00788
0.021517,-0.009097,0.008404,0.003076,0.000877,0.004311,0.001169,0.005204,-0.008302,0.007822
0.021435,-0.009085,0.008374,0.003049,0.000875,0.004281,0.001164,0.005171,-0.008251,0.007764
0.02135,-0.00907,0.008342,0.003022,0.000872,0.00425,0.00116,0.005138,-0.008199,0.007705
0.021262,-0.009053,0.008309,0.002995,0.000869,0.00422,0.001155,0.005104,-0.008147,0.007647
0.021171,-0.009034,0.008275,0.002969,0.000866,0.004189,0.00115,0.005071,-0.008095,0.007589
0.021077,-0.009013,0.00824,0.002942,0.000863,0.004158,0.001145,0.005037,-0.008042,0.007531
0.02098,-0.00899,0.008204,0.002916,0.00086,0.004127,0.00114,0.005003,-0.007989,0.007472
0.020881,-0.008965,0.008166,0.00289,0.000856,0.004097,0.001134,0.004968,-0.007935,0.007414
0.020778,-0.008939,0.008127,0.002864,0.000853,0.004066,0.001129,0.004934,-0.007881,0.007356
0.020673,-0.00891,0.008088,0.002838,0.000849,0.004035,0.001123,0.004899,-0.007827,0.007298
0.020566,-0.008879,0.008047,0.002813,0.000845,0.004004,0.001117,0.004864,-0.007773,0.00724
0.020456,-0.008847,0.008005,0.002787,0.000841,0.003973,0.001111,0.004829,-0.007718,0.007182
0.020344,-0.008813,0.007962,0.002762,0.000837,0.003942,0.001105,0.004794,-0.007663,0.007124
0.020229,-0.008777,0.007918,0.002737,0.000833,0.003911,0.001099,0.004759,-0.007607,0.007066
0.020113,-0.00874,0.007874,0.002712,0.000829,0.00388,0.001093,0.004723,-0.007552,0.007008
0.019994,-0.008701,0.007828,0.002687,0.000825,0.003849,0.001086,0.004688,-0.007496,0.00695
0.019873,-0.008661,0.007782,0.002662,0.00082,0.003818,0.00108,0.004652,-0.00744,0.006893
0.019751,-0.008619,0.007735,0.002638,0.000815,0.003787,0.001073,0.004617,-0.007384,0.006835
0.019626,-0.008575,0.007687,0.002614,0.000811,0.003756,0.001066,0.004581,-0.007327,0.006778
0.0195,-0.008531,0.007638,0.00259,0.000806,0.003725,0.001059,0.004545,-0.007271,0.00672
0.019371,-0.008485,0.007589,0.002566,0.000801,0.003695,0.001052,0.004509,-0.007214,0.006663
0.019242,-0.008438,0.007539,0.002542,0.000796,0.003664,0.001045,0.004473,-0.007157,0.006606
0.01911,-0.00839,0.007488,0.002518,0.000791,0.003633,0.001038,0.004437,-0.0071,0.006549
0.018978,-0.00834,0.007437,0.002494,0.000786,0.003602,0.001031,0.004401,-0.007043,0.006493
0.018843,-0.008289,0.007385,0.002471,0.00078,0.003571,0.001024,0.004365,-0.006986,0.006436
0.018708,-0.008238,0.007332,0.002448,0.000775,0.003541,0.001016,0.004329,-0.006929,0.00638
0.018571,-0.008185,0.007279,0.002425,0.00077,0.00351,0.001009,0.004293,-0.006871,0.006323
0.018433,-0.008131,0.007226,0.002402,0.000764,0.003479,0.001001,0.004256,-0.006814,0.006267
0.018294,-0.008076,0.007172,0.002379,0.000759,0.003449,0.000994,0.00422,-0.006757,0.006211
0.018154,-0.008021,0.007117,0.002357,0.000753,0.003418,0.000986,0.004184,-0.006699,0.006156
0.018013,-0.007964,0.007062,0.002334,0.000748,0.003388,0.000979,0.004148,-0.006642,0.0061
0.017871,-0.007907,0.007007,0.002312,0.000742,0.003358,0.000971,0.004112,-0.006585,0.006045
0.017728,-0.007849,0.006951,0.00229,0.000736,0.003328,0.000963,0.004076,-0.006527,0.00599
0.017584,-0.007791,0.006895,0.002268,0.00073,0.003298,0.000955,0.00404,-0.00647,0.005935
0.01744,-0.007731,0.006839,0.002246,0.000725,0.003268,0.000947,0.004004,-0.006413,0.00588
0.017295,-0.007671,0.006783,0.002224,0.000719,0.003238,0.00094,0.003968,-0.006356,0.005826
0.017149,-0.007611,0.006726,0.002203,0.000713,0.003208,0.000932,0.003932,-0.006299,0.005772
0.017003,-0.00755,0.006669,0.002182,0.000707,0.003178,0.000924,0.003897,-0.006242,0.005718
0.016857,-0.007488,0.006612,0.00216,0.000701,0.003149,0.000916,0.003861,-0.006185,0.005664
0.01671,-0.007426,0.006555,0.002139,0.000695,0.003119,0.000908,0.003826,-0.006129,0.005611
0.016563,-0.007364,0.006497,0.002119,0.000689,0.00309,0.0009,0.00379,-0.006072,0.005558
0.016416,-0.007301,0.00644,0.002098,0.000683,0.003061,0.000892,0.003755,-0.006016,0.005505
0.016269,-0.007238,0.006382,0.002077,0.000677,0.003032,0.000884,0.00372,-0.00596,0.005452
0.016121,-0.007175,0.006324,0.002057,0.000671,0.003003,0.000876,0.003685,-0.005904,0.0054
0.015974,-0.007111,0.006267,0.002037,0.000665,0.002974,0.000868,0.00365,-0.005848,0.005348
0.015827,-0.007047,0.006209,0.002017,0.000659,0.002946,0.00086,0.003615,-0.005792,0.005297
0.015679,-0.006983,0.006151,0.001997,0.000653,0.002917,0.000852,0.003581,-0.005737,0.005245
0.015532,-0.006919,0.006094,0.001977,0.000647,0.002889,0.000844,0.003546,-0.005682,0.005194
0.015386,-0.006855,0.006036,0.001958,0.000641,0.002861,0.000836,0.003512,-0.005627,0.005144
0.015239,-0.006791,0.005979,0.001938,0.000635,0.002833,0.000828,0.003478,-0.005573,0.005093
0.015093,-0.006727,0.005922,0.001919,0.000629,0.002805,0.00082,0.003444,-0.005519,0.005043
0.014948,-0.006663,0.005865,0.0019,0.000622,0.002778,0.000812,0.00341,-0.005465,0.004994
0.014803,-0.006599,0.005808,0.001881,0.000616,0.002751,0.000804,0.003377,-0.005411,0.004945
0.014659,-0.006535,0.005751,0.001863,0.00061,0.002723,0.000796,0.003344,-0.005358,0.004896
0.014515,-0.006471,0.005695,0.001844,0.000605,0.002696,0.000789,0.003311,-0.005305,0.004847
0.014372,-0.006408,0.005639,0.001826,0.000599,0.00267,0.000781,0.003278,-0.005253,0.004799
0.01423,-0.006345,0.005583,0.001808,0.000593,0.002643,0.000773,0.003245,-0.0052,0.004751
0.014088,-0.006282,0.005528,0.001789,0.000587,0.002617,0.000765,0.003213,-0.005149,0.004704
0.013948,-0.006219,0.005473,0.001772,0.000581,0.002591,0.000758,0.003181,-0.005097,0.004657
0.013809,-0.006157,0.005418,0.001754,0.000575,0.002565,0.00075,0.003149,-0.005046,0.00461
0.013671,-0.006096,0.005364,0.001736,0.000569,0.002539,0.000743,0.003118,-0.004996,0.004564
0.013533,-0.006034,0.00531,0.001719,0.000564,0.002514,0.000735,0.003086,-0.004946,0.004519
0.013397,-0.005974,0.005257,0.001702,0.000558,0.002489,0.000728,0.003055,-0.004896,0.004473
0.013263,-0.005913,0.005204,0.001685,0.000552,0.002464,0.000721,0.003025,-0.004847,0.004428
0.013129,-0.005854,0.005151,0.001668,0.000547,0.002439,0.000713,0.002994,-0.004798,0.004384
0.012997,-0.005795,0.005099,0.001651,0.000541,0.002414,0.000706,0.002964,-0.00475,0.00434
0.012866,-0.005736,0.005048,0.001635,0.000536,0.00239,0.000699,0.002935,-0.004702,0.004297
0.012737,-0.005678,0.004997,0.001618,0.00053,0.002366,0.000692,0.002905,-0.004655,0.004253
0.012609,-0.005621,0.004947,0.001602,0.000525,0.002342,0.000685,0.002876,-0.004609,0.004211
0.012482,-0.005565,0.004897,0.001586,0.00052,0.002319,0.000678,0.002847,-0.004562,0.004169
0.012357,-0.005509,0.004848,0.00157,0.000515,0.002296,0.000671,0.002819,-0.004517,0.004127
0.012233,-0.005454,0.0048,0.001554,0.000509,0.002273,0.000665,0.00279,-0.004471,0.004086